{"cameraMode":{"drawMode":0,"name":"Shaded","section":"Shading Mode"},"sceneLighting":false,"audioPlay":false,"sceneViewState":{"m_AlwaysRefresh":false,"showFog":true,"showSkybox":true,"showFlares":true,"showImageEffects":true,"showParticleSystems":true,"showVisualEffectGraphs":true,"m_FxEnabled":true},"in2DMode":false,"pivot":{"x":-7.858676910400391,"y":4.748620986938477,"z":37.152400970458987},"rotation":{"x":0.19463935494422913,"y":0.49291548132896426,"z":-0.11461389809846878,"w":0.8404310345649719},"size":23.612812042236329,"orthographic":false}