{"cameraMode":{"drawMode":0,"name":"Shaded","section":"Shading Mode"},"sceneLighting":false,"audioPlay":false,"sceneViewState":{"m_AlwaysRefresh":false,"showFog":true,"showSkybox":true,"showFlares":true,"showImageEffects":true,"showParticleSystems":true,"showVisualEffectGraphs":true,"m_FxEnabled":true},"in2DMode":false,"pivot":{"x":-4.369802474975586,"y":6.65497350692749,"z":26.438152313232423},"rotation":{"x":-0.005551343783736229,"y":0.4733605980873108,"z":0.0027521918527781965,"w":0.8810571432113648},"size":6.123401165008545,"orthographic":false}