{"cameraMode":{"drawMode":0,"name":"Shaded","section":"Shading Mode"},"sceneLighting":false,"audioPlay":false,"sceneViewState":{"m_AlwaysRefresh":false,"showFog":true,"showSkybox":true,"showFlares":true,"showImageEffects":true,"showParticleSystems":true,"showVisualEffectGraphs":true,"m_FxEnabled":true},"in2DMode":false,"pivot":{"x":20.08190155029297,"y":6.393500328063965,"z":34.012054443359378},"rotation":{"x":0.20994873344898225,"y":0.27111774682998659,"z":-0.06075059622526169,"w":0.9375593662261963},"size":7.323188781738281,"orthographic":false}