{"cameraMode":{"drawMode":0,"name":"Shaded","section":"Shading Mode"},"sceneLighting":false,"audioPlay":false,"sceneViewState":{"m_AlwaysRefresh":false,"showFog":true,"showSkybox":false,"showFlares":true,"showImageEffects":true,"showParticleSystems":true,"showVisualEffectGraphs":true,"m_FxEnabled":true},"in2DMode":false,"pivot":{"x":-0.21089772880077363,"y":1.7031033039093018,"z":0.3269367218017578},"rotation":{"x":0.0048532322980463509,"y":0.9935694336891174,"z":-0.10154248028993607,"w":0.054254502058029178},"size":1.14585280418396,"orthographic":false}