{"cameraMode":{"drawMode":0,"name":"Shaded","section":"Shading Mode"},"sceneLighting":false,"audioPlay":false,"sceneViewState":{"m_AlwaysRefresh":false,"showFog":true,"showSkybox":false,"showFlares":true,"showImageEffects":true,"showParticleSystems":true,"showVisualEffectGraphs":true,"m_FxEnabled":true},"in2DMode":false,"pivot":{"x":-0.36662980914115908,"y":1.4864188432693482,"z":0.1964583396911621},"rotation":{"x":0.003667991142719984,"y":0.9963323473930359,"z":-0.06416859477758408,"w":0.05914028361439705},"size":1.2303791046142579,"orthographic":false}